{
  "model": "lgbm",
  "variant": "v2_ordinal",
  "fold_aucs": [
    0.6789073145031314,
    0.6798380720227143,
    0.6734731163154085
  ],
  "mean_auc": 0.6774061676137514,
  "std_auc": 0.0028069255751459288,
  "train_time_sec": 4.537385499977972
}