{
  "model": "lgbm",
  "variant": "v3_target_woe",
  "fold_aucs": [
    0.6910311170689043,
    0.6958094630595718,
    0.6875226427601082
  ],
  "mean_auc": 0.6914544076295281,
  "std_auc": 0.0033962949266257174,
  "train_time_sec": 19.512045800016494
}