{
  "model": "xgb",
  "variant": "v3_target_woe",
  "fold_aucs": [
    0.6870951725006034,
    0.6893435213722023,
    0.6793541504507787
  ],
  "mean_auc": 0.6852642814411949,
  "std_auc": 0.004278707312963616,
  "train_time_sec": 57.63499750001938
}