{
  "model": "xgb",
  "variant": "v2_ordinal",
  "fold_aucs": [
    0.6627297542453601,
    0.6635209925924148,
    0.6520196709333311
  ],
  "mean_auc": 0.6594234725903686,
  "std_auc": 0.005245234266330175,
  "train_time_sec": 9.978336800006218
}